(Q1.Test0) SELECT COUNT (*) FROM STUDENT; —- should give a number
 count 
-------
     9
(1 row)

(Q1.Test1) INSERT INTO MAJOR VALUES(SE, Software Engineering); —- should succeed
INSERT 0 1
(Q1.Test2) INSERT INTO STUDENT VALUES(5001, Lisa, Simpson, SE, 180); —- should succeed
INSERT 0 1
(Q1.Test3) INSERT INTO STUDENT VALUES(5002, Bart, Simpson, Bio, 90); —- should fail
psql:/home/berceadrag/Desktop/swen304_a3_q1_test.txt:11: ERROR:  Referential Integrity Error : This record is not referenced in table MAJOR
(Q1.Test4) UPDATE STUDENT SET pointsEarned = pointsEarned + 15 WHERE sId = 5001; —- should succeed
UPDATE 1
(Q1.Test4) SELECT pointsEarned FROM STUDENT WHERE sId = 5001; -- should return 195
 pointsearned 
--------------
          195
(1 row)

(Q1.Test5) UPDATE STUDENT SET mCode = Bio WHERE sId = 5001; —- should fail
psql:/home/berceadrag/Desktop/swen304_a3_q1_test.txt:20: ERROR:  Referential Integrity Error : This record is not referenced in table MAJOR
(Q1.Test6) INSERT INTO MAJOR VALUES(OR, Operations Research); —- should succeed
INSERT 0 1
(Q1.Test6) DELETE FROM MAJOR WHERE mCode = OR; —- should succeed
DELETE 1
(Q1.Test6) SELECT * FROM MAJOR; —- there should be no OR
 mcode  |         name         
--------+----------------------
 Stat   | Statistics
 CS     | Computer Science
 Math   | Mathematics
 SE     | Software Engineering
(4 rows)

(Q1.Test7) DELETE FROM MAJOR WHERE mCode = SE; —- should fail
psql:/home/berceadrag/Desktop/swen304_a3_q1_test.txt:32: ERROR:  Referential Integrity Error : This record is referenced in table STUDENT
(Q1.Test8) INSERT INTO MAJOR VALUES(NE, Networking); —- should succeed
INSERT 0 1
(Q1.Test8) UPDATE MAJOR SET name = Network Engineering WHERE mCode = NE; -- should succeed
UPDATE 1
(Q1.Test8) SELECT name FROM MAJOR WHERE mCode = NE; -- should return Network Engineering
    name    
------------
 Networking
(1 row)

(Q1.Test9) UPDATE MAJOR SET mCode = SoftE WHERE mCode = SE;
psql:/home/berceadrag/Desktop/swen304_a3_q1_test.txt:44: ERROR:  Referential Integrity Error : This record is referenced in table STUDENT
(Q1.Test9) SELECT mCode FROM STUDENT WHERE sId = 5001;
 mcode  
--------
 SE    
(1 row)
